{"cameraMode":{"drawMode":0,"name":"Shaded","section":"Shading Mode"},"sceneLighting":false,"audioPlay":false,"sceneViewState":{"showFog":true,"showMaterialUpdate":false,"showSkybox":false,"showFlares":true,"showImageEffects":true,"showParticleSystems":true},"in2DMode":false,"pivot":{"x":395.392578125,"y":1.7962453365325928,"z":123.1724853515625},"rotation":{"x":-0.06713101267814636,"y":-0.21567383408546449,"z":0.014860502444207669,"w":-0.9740534424781799},"size":10.813365936279297,"orthographic":false}